text,label,notes
The Nuggets are harder to guard when Jokic catches the ball at the elbow because it forces the defense to choose between helping on cutters or staying home on shooters.,analysis,Clear tactical reasoning with basketball-specific explanation.
Tatum is never winning a championship as the best player. He just does not have it.,hot_take,Strong claim with no real evidence.
That dunk was insane. I still cannot believe he finished that.,reaction,Immediate emotional response to a highlight.
Why do teams keep switching smaller guards onto Jokic instead of sending an early double?,question,Main purpose is asking for explanation.
Jokic controls the game because every cut and handoff becomes dangerous when he catches the ball at the elbow.,analysis,Explains Jokic's impact using basketball reasoning.
Tatum is never going to be the best player on a championship team.,hot_take,Strong unsupported claim about a player's ceiling.
That dunk was disgusting. I still cannot believe he finished that.,reaction,Emotional reaction to a highlight.
Why did they stop attacking the paint in the fourth quarter?,question,Genuine question asking for explanation.
The Celtics offense looks much smoother when the ball does not stick because their shooters force the defense to rotate early.,analysis,Explains offensive movement and spacing with basketball reasoning.
Luka is the best offensive player in the league and it is not even close.,hot_take,Luka is the best offensive player in the league and it is not even close.
I cannot believe they missed that wide open corner three. That was painful.,hot_take,Strong confident claim with no supporting evidence.
Why did the coach wait so long to call a timeout during that run?,reaction,Emotional reaction to a missed shot.
The Knicks defended better in the second half because they stopped overhelping and forced more contested jumpers.,question,Genuine question asking for explanation.
This team is completely cooked. They are not serious contenders.,hot_take,Strong unsupported claim about the team's contender status.
That block was ridiculous. I jumped out of my seat.,reaction,Emotional reaction to a highlight.
"Who has the better long-term ceiling, Anthony Edwards or Shai Gilgeous-Alexander?",reaction,Emotional reaction to a highlight.
The Warriors struggle when Draymond is not involved as a passer because their off-ball movement depends on his timing.,analysis,Explains the Warriors' offense using basketball reasoning.
Embiid will never be reliable in the playoffs.,hot_take,Wrong label entered by mistake; should be analysis.
That fourth quarter collapse made me sick.,reaction,Emotional reaction to a game moment or highlight.
Why do teams keep going under screens against elite pull-up shooters?,question,Genuine question asking for basketball explanation.
Brunson is difficult to guard because he changes pace so well and keeps defenders off balance in the midrange.,analysis,Explains Brunson's scoring difficulty using basketball reasoning.
Wemby is already better than almost every big man in the league.,hot_take,Strong confident claim with little or no supporting evidence.
That game winner was insane. I still cannot process it.,reaction,Emotional reaction to a game moment or highlight.
